ShipName, Damage, Hit, Pierced, Penetrated, Received
A DDC Null, 2.4295384615384616, 1.7025641025641025, 1.7025641025641025, 1.7025641025641025, 1
A DDC Null, 2.4824615384615383, 1.6397948717948718, 1.6397948717948718, 1.6397948717948718, 1
B DDC EVD, 2.5515213675213677, 1.6246153846153846, 1.6246153846153846, 1.6246153846153846, 1
B DDC EVD, 2.607042735042735, 1.6402051282051282, 1.6402051282051282, 1.6402051282051282, 1
C DDC PROT, 2.649709401709402, 1.7154188034188034, 1.7154188034188034, 1.677592136752136, 1
C DDC PROT, 2.5725811965811967, 1.6895726495726495, 1.6895726495726495, 1.6520659829059825, 1
D DDC Shield, 2.2964981684981685, 1.5517069597069597, 1.408849816849817, 1.408849816849817, 0.8571428571428571
