ShipName, Damage, Hit, Pierced, Penetrated, Received
DD A Null, 2.3355555555555556, 1.6983333333333333, 1.444212962962963, 1.4276032407407373, 0.8333333333333341
DD B EVD, 2.627685185185185, 1.7210185185185185, 1.4610185185185185, 1.444290740740737, 0.833333333333334
DD C PROT, 2.5479629629629628, 1.9272222222222222, 1.6697685185185185, 1.432962962962963, 0.8333333333333335
DD D Shield, 2.2875555555555556, 1.6677333333333333, 1.3617333333333332, 1.3466386666666639, 0.8000000000000006
DD E HP, 2.3282758620689656, 1.7177777777777778, 1.5036781609195402, 1.4865999999999964, 0.8620689655172388
DDC A Null, 2.5132307692307694, 1.648820512820513, 1.648820512820513, 1.648820512820513, 1
DDC B EVD, 2.6086837606837605, 1.6645470085470087, 1.6645470085470087, 1.6645470085470087, 1
DDC C PROT, 2.492717948717949, 1.7018803418803419, 1.7018803418803419, 1.664342564102563, 1
DDC D Shield, 2.5045567765567767, 1.6584908424908424, 1.3754285714285714, 1.3754285714285714, 0.8571428571428571
